{
  "train_loss": [
    0.3345789136272846,
    0.2365804791893109,
    0.22313294434311368,
    0.2146052898156761,
    0.19937170173345817,
    0.20359313301742077,
    0.20116826748051267,
    0.17827978158498756,
    0.19538839910142491,
    0.18361773815854351,
    0.1947363797243279,
    0.19572576791933266,
    0.1618533854806187,
    0.17597946714572976,
    0.17968900060963514,
    0.17868182660624532,
    0.1611993353408162,
    0.17131905466096825,
    0.18311238390310566,
    0.17852193880641815,
    0.18359424826679843,
    0.15309341958179923,
    0.17711811365172414,
    0.17686539851497896,
    0.1886297868620051,
    0.1657327554824919,
    0.17924806844479968,
    0.156904586876678,
    0.162137608366585,
    0.16688123133291702,
    0.19186252374017593,
    0.17906818990733955,
    0.18125361141444432,
    0.1846591467130007,
    0.16475931317130527,
    0.16017641995729195,
    0.16176897372202118,
    0.16229654133024782,
    0.16544973986721276,
    0.1657779654949018,
    0.16712407229265364,
    0.15863754393735735,
    0.17503448857898168,
    0.1746694143621786,
    0.17429521183787597,
    0.15552465505160318,
    0.16620555011057617,
    0.16027670027227095,
    0.17096172568231527,
    0.16665542953749105,
    0.1662618527096687,
    0.16647145522776807,
    0.15434449182657323,
    0.16019991276287796,
    0.1645187672116969,
    0.15242232301152578,
    0.1650353343511867,
    0.1429382398779882,
    0.1555368616845053
  ],
  "val_loss": [
    0.290503128646658,
    0.28017470398201394,
    0.26619225998337454,
    0.2630008969169397,
    0.25782411875059974,
    0.25213062362029004,
    0.2522713187365578,
    0.25190604528268945,
    0.2490775860272921,
    0.24860265686248356,
    0.24892322360896146,
    0.24804292096254918,
    0.244990068846024,
    0.24884790332558063,
    0.24595719403945482,
    0.24574899680625933,
    0.25014380222329724,
    0.24657928155591854,
    0.24910858932595986,
    0.24588565492572692,
    0.24317284229283148,
    0.24210418151834837,
    0.24797024950385094,
    0.25214535972246754,
    0.24774802640940136,
    0.24343545971295008,
    0.25114322339112943,
    0.2459897594884611,
    0.24845622608867976,
    0.2570014035759064,
    0.25036040507256985,
    0.25307782968649495,
    0.2473001813587661,
    0.25490795649014986,
    0.2426321658377464,
    0.24491013027727604,
    0.24541946027714473,
    0.2502883090279423,
    0.2497745519503951,
    0.24938106801933968,
    0.25182145389799887,
    0.2538378685354613,
    0.2544492460930577,
    0.2519722878932953,
    0.2506067638213818,
    0.24758838812032571,
    0.2497097200785692,
    0.25241414353681296,
    0.2509443547505026,
    0.2546673665682857,
    0.25253418961969704,
    0.24336638652647918,
    0.24669768532308248,
    0.2464441407758456,
    0.24961496255575463,
    0.24680653386391127,
    0.25107901579198927,
    0.2485380180609914,
    0.25006500323517966
  ],
  "train_iou": [
    0.558910022130107,
    0.6157461416603315,
    0.6274045888740237,
    0.6560006731807595,
    0.6749852544600421,
    0.680692708138192,
    0.6893503429866074,
    0.7003608266315838,
    0.6989504854277809,
    0.7139748205052744,
    0.7248184008173423,
    0.6886049228729588,
    0.7511071751613428,
    0.7293552712048634,
    0.7527249157428741,
    0.7371825528616952,
    0.7581756342165541,
    0.7683175778625035,
    0.7731426390680937,
    0.7575216650372685,
    0.7862094375166563,
    0.7919593530126138,
    0.7877019941806793,
    0.7874293811250441,
    0.7944460289903207,
    0.7857009762584573,
    0.8117744907884314,
    0.7999101186742877,
    0.8130120885844278,
    0.8190492745673302,
    0.7943868054316776,
    0.7841238215713218,
    0.8045182325462303,
    0.7900519961177712,
    0.8173222229032233,
    0.8390278763110095,
    0.8389222238323476,
    0.8426433128885703,
    0.8414924253921697,
    0.8425857224086724,
    0.8416679359898709,
    0.8510942078462922,
    0.8590871632689296,
    0.8465430305735899,
    0.834225219370115,
    0.82224572235995,
    0.8249824705100296,
    0.8366025786588688,
    0.8251827350347349,
    0.8165909677448839,
    0.849754740548606,
    0.8384123211449915,
    0.8453689359202243,
    0.8250257597111239,
    0.8418668992448561,
    0.8446527268036758,
    0.8597607453270714,
    0.8515495687428087,
    0.8578978461204189
  ],
  "val_iou": [
    0.5794732637542228,
    0.6181599199010704,
    0.6284338322248704,
    0.6503074335722396,
    0.6584075511289904,
    0.6645687883719802,
    0.6829921828153042,
    0.650866327699847,
    0.676613781744471,
    0.6999874524772167,
    0.7173335125239996,
    0.6808460314686482,
    0.6978030497064958,
    0.6768909022928431,
    0.7291151262246646,
    0.7814324899361684,
    0.7771499145489472,
    0.7471822236592953,
    0.8131795353614367,
    0.7087686526087614,
    0.785613939166069,
    0.8073891859788161,
    0.841738957625169,
    0.8059158118871542,
    0.7247955317680652,
    0.7679416067325152,
    0.8236697041071378,
    0.7878478467464447,
    0.7701719380342044,
    0.7838329839018675,
    0.8108411041589884,
    0.8403198764874384,
    0.761328459932254,
    0.8192609858054382,
    0.8089006497309759,
    0.848587107199889,
    0.8241979170304078,
    0.8669135272502899,
    0.8382728443695948,
    0.863841359431927,
    0.8509470316079947,
    0.8545195414469793,
    0.8453855675000411,
    0.8748277540390308,
    0.7333362182745566,
    0.8509620428085327,
    0.748208333666508,
    0.8493147973830883,
    0.8344018287383593,
    0.8511158927128866,
    0.8647043040165534,
    0.8248301125489749,
    0.8508142851866208,
    0.7824858793845544,
    0.8496892738800782,
    0.8390971938004861,
    0.8548045685658088,
    0.8422554341646341,
    0.8554502198329339
  ],
  "train_dice": [
    0.6497722096962504,
    0.6903235000548976,
    0.7020193721988414,
    0.7231468390120138,
    0.739269485568056,
    0.743479455756669,
    0.750208318823635,
    0.7617790303607979,
    0.7572910189628601,
    0.7718960636913186,
    0.777842537896468,
    0.7498582229755892,
    0.8048194446186028,
    0.783782038653251,
    0.8038268945004681,
    0.7895668461771295,
    0.8110998358466838,
    0.820330154482681,
    0.8202395076208776,
    0.8084193583172147,
    0.833170880480568,
    0.8409441500016959,
    0.8340832071729226,
    0.8332882355345358,
    0.8398680076150611,
    0.8347161542070974,
    0.8573949726501314,
    0.8472992553569303,
    0.8582441151732265,
    0.8635529610190061,
    0.8388272280445194,
    0.8310046060250538,
    0.8474730117486255,
    0.833136379423708,
    0.8613044935287816,
    0.8799426056961022,
    0.8805109265417156,
    0.884943420934205,
    0.8830600652364221,
    0.8859938070325568,
    0.8837289414783516,
    0.8928165642341764,
    0.8989072436153298,
    0.8882399047955428,
    0.8749760359820753,
    0.8622528450323803,
    0.8651563026527367,
    0.8767437096869591,
    0.8663142358902658,
    0.8569778714439656,
    0.8874910751191696,
    0.876708195941283,
    0.885035771544617,
    0.8639363510773914,
    0.8789687121268546,
    0.8822698696415023,
    0.8970452983780662,
    0.8905110943435443,
    0.8953953329289314
  ],