{
  "train_loss": [
    0.13120838918603292,
    1.2118404638944287,
    1.2621178187356137,
    1.257988098086697,
    1.3292061901918732,
    1.3759780822709056,
    1.2873765783439768,
    1.2192012844699445,
    1.3189424922560702,
    1.3215073162671362,
    1.2984985473132369,
    1.3450558921783278,
    1.3435249673848104,
    1.271522713474708,
    1.4670077509219104,
    1.1872700433624852,
    1.2592304800406542,
    1.2523763790579125,
    1.3216539540208212,
    1.2654892344876092,
    1.5341094969817908,
    1.023528784218401,
    1.2695711508835896,
    1.2349470473162019,
    1.2088895105194337,
    1.2460801670751949,
    1.3551170803827814,
    1.269146976494553,
    1.2093953201086214,
    1.2427746485365498,
    1.2222042024725734,
    1.2951879781661648,
    1.1389281366131094,
    1.1271471375285989,
    1.2867058763409605,
    1.2105239966128132,
    1.2835167423628344,
    1.069193383697236,
    1.2219769410272636,
    1.22270602135375,
    1.1810785411017957,
    1.2092943072023958,
    1.1458891327723417,
    1.2218448466593677,
    1.1719794839915663,
    1.1859009826537406,
    1.1765254943972767,
    1.151927174465491,
    1.203744073167886,
    1.1081080793744267,
    1.1207494766700385,
    1.1415160801446085,
    1.152626004992145,
    1.1253058995940897,
    1.299427646369037,
    1.1097378913718876,
    1.2480021172230786,
    1.1570808518641065,
    1.1466199760094729,
    1.2797759381851348,
    1.076549721826421,
    1.1472406645517539,
    1.1530324008205148,
    1.1986571495780851,
    1.1642185601562556,
    1.081885097788112,
    1.1455279166745667
  ],
  "val_loss": [
    0.8498939819195691,
    0.9398537751506356,
    0.965705516875959,
    0.9748633574036991,
    0.9508851030293632,
    1.2539131290772383,
    1.063658419193006,
    1.1293523346676546,
    1.2106632882473516,
    1.0881479522761177,
    1.095420381602119,
    1.054985064501856,
    1.1222404562959485,
    1.241598772652009,
    1.1956269624186497,
    1.2526782283595963,
    1.154630398049074,
    1.3381422010122561,
    1.3007796424276687,
    1.2690045331038682,
    0.80437678566166,
    1.297573095443202,
    1.437957719260571,
    1.5154048309606665,
    1.3807489644078648,
    1.4572893556426554,
    1.2774033143239862,
    1.2881743931302838,
    1.5375459357803942,
    1.4688944875025283,
    1.4985245168209076,
    1.5936453763176412,
    1.9121439591342329,
    1.5005946609319425,
    1.46693922959122,
    1.865849728677787,
    1.7123839066309088,
    1.5300001420226752,
    1.4682768489800246,
    1.5723871337432487,
    1.603177204435947,
    1.6576987592612995,
    1.7246910836182388,
    1.6177971339693256,
    1.6551843232968275,
    1.6480403361367244,
    1.8333244399697173,
    1.9112209204365225,
    1.9340947434013964,
    1.5905874009225882,
    1.815884584305333,
    1.875496353004493,
    1.881270590950461,
    1.8131720172423942,
    1.4812965369692035,
    1.7692700116073383,
    1.4925890494795406,
    1.6950799834494497,
    1.8078343348175872,
    1.5089031037162333,
    1.7500030193843095,
    1.8015337124759077,
    1.876803119392956,
    1.7563995315748102,
    1.8645199589869554,
    1.8754175632607704,
    1.86299621591381
  ],
  "train_iou": [
    0.5828886833410747,
    0.6364492501252064,
    0.6556152910141662,
    0.7154736865201209,
    0.7251646443463788,
    0.7384537202444407,
    0.7485847628057594,
    0.7962883037358227,
    0.812914165972483,
    0.810661880908036,
    0.8179736154356806,
    0.8202864222302295,
    0.8395261353106264,
    0.8296385681865239,
    0.8007038016573037,
    0.8339785501951038,
    0.8341938381332277,
    0.8381181133560615,
    0.8266005225774675,
    0.8535771937948642,
    0.8493684512922669,
    0.8682018094281159,
    0.8747601993013137,
    0.8720285389387962,
    0.8780780217730173,
    0.8871926390888667,
    0.873367172094191,
    0.8768124066219471,
    0.884331503717026,
    0.8799744325846729,
    0.8789044850238479,
    0.8782699525651365,
    0.8848529697792364,
    0.8960051142638272,
    0.8912610485412107,
    0.9002863375267179,
    0.8835785049184797,
    0.8963457399075574,
    0.9014340878123104,
    0.8982543833922632,
    0.9145382250299549,
    0.8944175905815446,
    0.8944902614791794,
    0.8978814315972942,
    0.9048455503612461,
    0.9139091309787023,
    0.9167873230163414,
    0.9160001804627994,
    0.9132330373372182,
    0.9200565353183463,
    0.9146975246396395,
    0.9247254437149162,
    0.9100148209398335,
    0.9221695493353476,
    0.9180257798421501,
    0.9218152118201303,
    0.9109618773297127,
    0.9118402004241943,
    0.9156913196686471,
    0.918323380545018,
    0.923010241277147,
    0.9215192993973741,
    0.9196444701145191,
    0.9094149914681562,
    0.9180029230468935,
    0.9157825416267509,
    0.9126384426461588
  ],
  "val_iou": [
    0.6286357841722658,
    0.6512569561509379,
    0.691156375934096,
    0.8007591454421773,
    0.7945493108355531,
    0.6766682357867431,
    0.7929423387144127,
    0.8719546473493763,
    0.8162188102838164,
    0.8973329616527931,
    0.8967829463528652,
    0.8626108036979157,
    0.8842121310093823,
    0.8882806108278387,
    0.894347245202345,
    0.8891595678002226,
    0.8975639132892385,
    0.8995561751664853,
    0.8942856286086288,
    0.8988327576833612,
    0.9071722731870764,
    0.9079580774494246,
    0.9014838221026402,
    0.9107896346671909,
    0.908603197219325,
    0.9108111110388064,
    0.9168458464098912,
    0.9146289393013599,
    0.910945851428836,
    0.9040286038436142,
    0.9151256189626806,
    0.8874502450812096,
    0.9034412228593639,
    0.9096152729847852,
    0.897574848988477,
    0.9045904652745116,
    0.8987206790377112,
    0.917073972084943,
    0.9130627466183082,
    0.9205337809581383,
    0.9098259701448328,
    0.8929831707010082,
    0.9085061322240269,
    0.91638911763827,
    0.9082114708189871,
    0.9189225557972404,
    0.9207363105287739,
    0.9124267048695508,
    0.8979135821847355,
    0.9142172324891183,
    0.9212090863901026,
    0.9264898265109343,
    0.9245349554454579,
    0.9244096910252291,
    0.9230837483032077,
    0.9256072044372559,
    0.8742103261106154,
    0.9190656320721495,
    0.9253943036584293,
    0.9190590212158128,
    0.9238788321906445,
    0.9226668605617449,
    0.9240747918100918,
    0.9242021908947066,
    0.921531032113468,
    0.9257454825382606,
    0.9248794550989189
  ],