{
  "IoU": 0.9156522969959149,
  "Dice": 0.9457323695075386,
  "Precision": 0.9575426788853855,
  "Recall": 0.9615311195741049,
  "F1": 0.9595327546108305,
  "Accuracy": 0.97313027869998
}