{
  "train_loss": [
    0.4574931144419283,
    0.3655455951938535,
    0.30665391366375555,
    0.2909976750022114,
    0.2753754484623966,
    0.2569662278684059,
    0.2619297755236673,
    0.23241870809752163,
    0.2266634487279571,
    0.24709221115796873,
    0.2403024553441175,
    0.2257696803253476,
    0.22222647461855766,
    0.2274892009278335,
    0.21678326773171377,
    0.21396563456642745,
    0.21787871128999362,
    0.20443752138773993,
    0.21202490792268575,
    0.2119905579060611,
    0.22149533298936222,
    0.1873706378190234,
    0.14819339530007675,
    0.15205898276059934,
    0.11764298538022702,
    0.12495855937278506,
    0.10088582705743242,
    0.09231352734167388,
    0.1098126885066233,
    0.10812936361768458,
    0.11833916807381234,
    0.10642852553046576,
    0.08759235589774234,
    0.08379504803826313,
    0.07521414137122655,
    0.07521335614642294,
    0.08762380740798936,
    0.09487399763178707,
    0.08566443695880399,
    0.07990480490987843,
    0.08918326504823595,
    0.09145396567954875,
    0.08163848945336176,
    0.07643595948298969,
    0.07246776941315372,
    0.07585806245592856,
    0.07291742779388286,
    0.06956305048695885,
    0.0739948295130588,
    0.07003158565131154,
    0.06955071356110644,
    0.07692138768621895,
    0.0700004588406865,
    0.06898174257856785,
    0.06215061714854276,
    0.06997681551124199,
    0.0723346438037582,
    0.060430456450817606,
    0.06022574449197786,
    0.06623634169486785,
    0.06581838941662618,
    0.06599502634293962,
    0.06812751905457808,
    0.06074863921223891,
    0.060834731316507455,
    0.06477108987804392,
    0.0678470141558659,
    0.06226544299780732,
    0.06280173602892031,
    0.07049484017978211,
    0.05747062642828073,
    0.06609941867761093,
    0.06296169272817598,
    0.06214327482266886,
    0.058636846408100414,
    0.0651505729921236,
    0.06497871813982135,
    0.05746662480258705,
    0.06213539727216605,
    0.05965371922322429
  ],
  "val_loss": [
    0.38346578667943293,
    0.34526151619278467,
    0.3178081806175984,
    0.29916399258833665,
    0.2916318914638116,
    0.30205695058863896,
    0.28738143244901526,
    0.28022268858666605,
    0.2791108746941273,
    0.28058819014292496,
    0.27566079372683394,
    0.2772718205904731,
    0.27344943389583093,
    0.2750519711810809,
    0.27257527525608355,
    0.2827847687384257,
    0.2766843607219366,
    0.26894599930025065,
    0.26994166981715423,
    0.26599921013873357,
    0.23631864220190507,
    0.13909270908110416,
    0.09178003668785095,
    0.08225176268472122,
    0.1016352679938651,
    0.10178117955533358,
    0.08221259682725829,
    0.07338089399183026,
    0.07785317824723628,
    0.07690140898697652,
    0.07361917803063989,
    0.06869387126957568,
    0.09020159178628372,
    0.08110458405616765,
    0.09233908734929103,
    0.09249096773923017,
    0.07842574809462978,
    0.06535364142977275,
    0.07318305308357455,
    0.07543338745689163,
    0.06513577434592523,
    0.07382647750469354,
    0.07313340375773035,
    0.07628933711049075,
    0.07154030775508055,
    0.07169930271517772,
    0.07203139156962816,
    0.06513458117842674,
    0.07252779971951476,
    0.06686373388108152,
    0.06568026789822258,
    0.06908926238807347,
    0.06774877858921312,
    0.06691506220242725,
    0.07089684029611257,
    0.07116256990971473,
    0.07046794379130006,
    0.06665130199577946,
    0.06683330596066438,
    0.06903578781594451,
    0.06647448632149743,
    0.0668866140409731,
    0.06502997194631742,
    0.06688807793677999,
    0.06579147479855098,
    0.06402480731216761,
    0.06638076313986228,
    0.07432246724000344,
    0.06887977770887889,
    0.07231560811543694,
    0.07313731140815295,
    0.07053601612838414,
    0.07060213523128858,
    0.06714832034105292,
    0.07061489940119478,
    0.07243709072757226,
    0.07259529857681347,
    0.0692065513621156,
    0.0679937785742088,
    0.0661416736861261
  ],
  "train_iou": [
    0.6256348287115002,
    0.6775957885945197,
    0.7269052851318133,
    0.748576029692546,
    0.7643361118170294,
    0.7802313191465812,
    0.7859608935247554,
    0.8320920620814408,
    0.8135389597109048,
    0.8160960485439489,
    0.8417310688165155,
    0.8371933303257026,
    0.8697019694465222,
    0.8504814712127836,
    0.8556613379185742,
    0.8431005342171924,
    0.83826614901571,
    0.8871819524481745,
    0.880956369166327,
    0.8588809483122117,
    0.8926893670370083,
    0.8895766416398605,
    0.8959701562872028,
    0.8880733245670205,
    0.9032773629273518,
    0.9040306582309232,
    0.906777528843077,
    0.9145153867136134,
    0.9090156029946733,
    0.9088457805095332,
    0.8984018133418394,
    0.905124833678255,
    0.9201260427437207,
    0.9183080243592215,
    0.9239107901507085,
    0.9277621572560603,
    0.918938143418567,
    0.9095133247942028,
    0.9223272151286059,
    0.924444328440298,
    0.9146623652760345,
    0.9200309084193541,
    0.92197452146228,
    0.9268267951389351,
    0.928298554798164,
    0.929931898518364,
    0.9275876921002227,
    0.9294592254232652,
    0.9260428848833141,
    0.9287321396393351,
    0.9316206651158853,
    0.923699673449639,
    0.9287382128215073,
    0.9282773839365138,
    0.9366952015621828,
    0.9299155178636608,
    0.9260956332235053,
    0.9360518443702471,
    0.9369162450922598,
    0.9310165319112268,
    0.9343336454712519,
    0.931012232704918,
    0.9330825280435014,
    0.9360604351109797,
    0.934954829145186,
    0.9348046868154318,
    0.9318999314662253,
    0.9346998593594769,
    0.9320353676777074,
    0.9282677268037701,
    0.9408191123811325,
    0.9335027431497479,
    0.9342271691501731,
    0.9342167743361822,
    0.9365675679527887,
    0.9347237425275369,
    0.935035248794178,
    0.9430610525726092,
    0.9345172637760049,
    0.9374202318710856
  ],
  "val_iou": [
    0.6641454258575462,
    0.8194705511514957,
    0.7719643414020538,
    0.7754086903654612,
    0.8348668676156265,
    0.8219253879327041,
    0.8737229246359605,
    0.7964226345603282,
    0.7911593266404592,
    0.848431612436588,
    0.8226418243004725,
    0.8108181689794247,
    0.8791340543673589,
    0.8119142170135791,
    0.7885730266571045,
    0.7340865735716832,
    0.8850505810517532,
    0.9051312574973474,
    0.8914138193313892,
    0.8965600018317883,
    0.9063721941067622,
    0.9181470756347363,
    0.9203813328192785,
    0.9241345524787903,
    0.9146646513388708,
    0.899509228192843,
    0.9197062368576343,
    0.9256580173969269,
    0.921726222221668,
    0.9219474609081562,
    0.9210471556736872,
    0.9253396002145914,
    0.9174384199655973,
    0.9225596602146442,
    0.9169995440886571,
    0.9151010994727795,
    0.9219302833080292,
    0.929959102318837,
    0.9262592013065631,
    0.926312444301752,
    0.9289543926715851,
    0.9238508870968452,
    0.9224494145466731,
    0.9223133325576782,
    0.9258248851849482,
    0.925207413159884,
    0.9244937667479882,
    0.930947122665552,
    0.9250630621726696,
    0.9327037242742685,
    0.9301930322096899,
    0.9269618002267984,
    0.9273457848108732,
    0.9334862300982842,
    0.925899115892557,
    0.9306970697182876,
    0.9366146830412058,
    0.928920356126932,
    0.9342455520079687,
    0.9279039089496319,
    0.9342613770411565,
    0.9373932847609887,
    0.9362377432676462,
    0.9300087415255033,
    0.9401667484870324,
    0.9327243956235739,
    0.9343082102445456,
    0.9349849888911614,
    0.937219459276933,
    0.926738651899191,
    0.9306907676733457,
    0.9313528010478387,
    0.9312730431556702,
    0.9339227584692148,
    0.9269015651482803,
    0.9308464366656083,
    0.9262290482337658,
    0.9332091579070458,
    0.934131730061311,
    0.934409859088751
  ],