{
  "IoU": 0.839759322769942,
  "Dice": 0.8813153324978666,
  "Precision": 0.9152887410457113,
  "Recall": 0.9723286820614658,
  "F1": 0.9429468963278833,
  "Accuracy": 0.9610182694562777
}