{
  "train_loss": [
    0.9466128514544798,
    0.6006951190457486,
    0.5085248150447808,
    0.44097477345183345,
    0.4096097748468418,
    0.4175018800957368,
    0.39506202552578235,
    0.370190969788202,
    0.3480811251862214,
    0.33536430359771935,
    0.3172343755417531,
    0.3184992846581015,
    0.306037757803898,
    0.3006517895229972,
    0.29938048153820607,
    0.28061371351970305,
    0.3011278963767656,
    0.27509974068639304,
    0.27436615497168926,
    0.26982075418576157,
    0.2681298945652376,
    0.26269625407634395,
    0.26801494715532453,
    0.253308995156595,
    0.25025584146675495,
    0.2498497564234946,
    0.2561171379050996,
    0.255195239577258,
    0.24876519742578562,
    0.23396818155404364,
    0.2430821325224225,
    0.23643829721477952,
    0.22578451907870792,
    0.2236591395322639,
    0.23221402043605796,
    0.22322513306937594,
    0.2266297040156799,
    0.2318156651488625,
    0.21922816443118717,
    0.236931543465298,
    0.21892508303765024,
    0.19613269613225862,
    0.14839649189374235
  ],
  "val_loss": [
    0.6941492305352137,
    0.5275881147155395,
    0.4812261685729027,
    0.4160240361323723,
    0.40314335433336407,
    0.39149890868709636,
    0.35710974954641783,
    0.3819122899037141,
    0.35244995470230395,
    0.3593218054335851,
    0.36480481177568436,
    0.3553994990025575,
    0.3299274344283801,
    0.32183282234920907,
    0.34253712514272106,
    0.3212822371950516,
    0.3288025251374795,
    0.31947336431879264,
    0.3154346215037199,
    0.3474305924028158,
    0.3097364211884829,
    0.3680989288080197,
    0.33516901444930297,
    0.332736296292681,
    0.3228869562825331,
    0.3325543644336554,
    0.32516070197408015,
    0.3060723521675055,
    0.31736347981943536,
    0.3245609320986729,
    0.3144703640674169,
    0.30527732535623586,
    0.30095799525196737,
    0.30289792384092623,
    0.30223555719623196,
    0.31219439366115975,
    0.30656978559608644,
    0.307767633205423,
    0.30465966964570373,
    0.30263489355834633,
    0.294961328116747,
    0.18816041889098975,
    0.1348030254817926
  ],
  "train_iou": [
    0.5581934891714908,
    0.6938483257695,
    0.7251054679993356,
    0.7813174739332482,
    0.8033740927677343,
    0.7925240512531583,
    0.8074023959660294,
    0.8157429518085895,
    0.8477217655370731,
    0.8468017079452477,
    0.8693429809985774,
    0.8624363500292939,
    0.8750420448803665,
    0.8675075937615763,
    0.869146189477184,
    0.8780935866997974,
    0.8721083848193141,
    0.887823224067688,
    0.88515039835826,
    0.8972454000227522,
    0.8988275386319302,
    0.8811322958162515,
    0.9062554682835494,
    0.9017448392834994,
    0.8954984073591704,
    0.910671884470647,
    0.922873592612767,
    0.9100888890795188,
    0.9211884217687173,
    0.9234455263260568,
    0.9195544465933696,
    0.9219891352228599,
    0.9332983588228131,
    0.9249772553396697,
    0.9248631525747847,
    0.9168316007840751,
    0.9294961950566509,
    0.9376153096114055,
    0.941370962870003,
    0.9286673493904642,
    0.9326076011846561,
    0.9374710887965589,
    0.9383425877826048
  ],
  "val_iou": [
    0.6388681926495897,
    0.6865072219381825,
    0.7810493604494975,
    0.8247607671297513,
    0.7550472290470049,
    0.8802723150986892,
    0.8878020850511698,
    0.8584090482730132,
    0.903135753594912,
    0.9040216069955093,
    0.8459185499411362,
    0.8900465323374822,
    0.9130049989773676,
    0.9059015512466431,
    0.8991232697780316,
    0.8614369607888736,
    0.8821908602347741,
    0.900839817065459,
    0.9299084865129911,
    0.9029178527685312,
    0.9141430602623866,
    0.9074054681337796,
    0.9109491270322067,
    0.8954681433164157,
    0.9098456868758569,
    0.889294853577247,
    0.8972954887610215,
    0.9396029321046976,
    0.9282000087774717,
    0.9260595578413743,
    0.9001433688860673,
    0.91823171881529,
    0.9376557859090658,
    0.9296951867066897,
    0.9015909387515142,
    0.9168921204713675,
    0.9303457805743585,
    0.9309241634148818,
    0.9371047753554124,
    0.9364268275407645,
    0.934197682600755,
    0.929779623563473,
    0.9342707831125993
  ],
  "train_dice": [
    0.6451176422657353,
    0.7590984392284167,
    0.7788687277548384,
    0.8296827355233749,
    0.8484505403159869,
    0.8378052139046168,
    0.8503185770299175,
    0.8546200527413057,
    0.882508264024659,
    0.8850140666017438,
    0.9038355515734984,
    0.894759743520529,
    0.9099440185150297,
    0.8990843101303176,
    0.9014612619239505,
    0.9103404460567059,
    0.9033223349269074,
    0.9173871674159966,
    0.9146806149199458,
    0.9247055490418236,
    0.9268444965381434,
    0.9093379230782537,
    0.9340116629506102,
    0.9293259152091375,
    0.9232031573163401,
    0.9363073358441344,
    0.9476028432940492,
    0.9361351338943632,
    0.9460090416492802,
    0.949386207774134,
    0.9445809019674168,
    0.9452615693064019,
    0.9581179058197702,
    0.9489696592387586,
    0.9487794749807603,
    0.9409440696829616,
    0.9517054652223492,
    0.9600502948949833,
    0.9636437645052919,
    0.9518933508655812,
    0.9543503575985974,
    0.9617785687493806,
    0.9618552421579266
  ],
  "val_dice": [
    0.6946428456666092,
    0.7263738888924798,
    0.8220808070439559,
    0.8566995836221255,
    0.7870561428941213,
    0.9109263924451975,
    0.9157182092850025,
    0.887618485551614,
    0.9319527447223663,
    0.9342801181169657,
    0.8779919743537903,
    0.9189241368037003,
    0.9409153851178976,
    0.9328989867980664,
    0.9298284237201397,
    0.8887157898682815,
    0.9102902779212365,
    0.9277197787394891,
    0.9557275359447186,
    0.9328484260118924,
    0.9402426412472358,
    0.9335880898512326,
    0.9385871726732987,
    0.9235335978177878,
    0.935531178346047,
    0.9170220058697921,
    0.9225217883403485,
    0.9651367228764755,
    0.9551309966124021,
    0.9539216069074777,
    0.9270732632050147,
    0.943646850494238,
    0.9622551569571862,
    0.9553335217329172,
    0.9265547486451956,
    0.9431051841148963,
    0.9558341938715714,
    0.9577126571765313,
    0.9629643421906692,
    0.9622412942923032,
    0.9597630409094003,
    0.9545113490178034,
    0.9580145913821
  ],
  "lr": [
    9.996183729391579e-05,
    9.984740801978984e-05,
    9.965688861926886e-05,
    9.939057285945933e-05,
    9.904887137995992e-05,
    9.8632311059685e-05,
    9.814153420445554e-05,
    9.757729755661012e-05,
    9.694047112816299e-05,
    9.62320368593087e-05,
    9.545308710434153e-05,
    9.460482294732421e-05,
    9.368855235010347e-05,
    9.270568813552756e-05,
    9.1657745808976e-05,
    9.05463412215599e-05,
    8.937318807859687e-05,
    8.814009529720155e-05,
    8.684896421706645e-05,
    8.550178566873411e-05,
    8.410063690388064e-05,
    8.264767839234411e-05,
    8.114515049083679e-05,
    7.959536998847744e-05,
    7.800072653447033e-05,
    7.636367895343949e-05,
    7.46867514540993e-05,
    7.297252973710759e-05,
    7.122365700810273e-05,
    6.944282990207198e-05,
    6.763279432533594e-05,
    6.579634122155994e-05,
    6.393630226832122e-05,
    6.205554551086737e-05,
    6.01569709397984e-05,
    5.824350601949148e-05,
    5.631810117416301e-05,
    5.438372523852837e-05,
    5.244336088007394e-05,
    5.0500000000000035e-05,
    4.855663911992615e-05,
    4.6616274761471715e-05,
    4.468189882583708e-05
  ]
}