{
  "IoU": 0.9116051680057418,
  "Dice": 0.9409629352072093,
  "Precision": 0.9588399438349614,
  "Recall": 0.964548204891807,
  "F1": 0.9616856038307164,
  "Accuracy": 0.9745370459368848
}