{
  "IoU": 0.9019071738128149,
  "Dice": 0.9308350455602923,
  "Precision": 0.9700912230508659,
  "Recall": 0.9576571323428182,
  "F1": 0.9638340773872495,
  "Accuracy": 0.9761897860549567
}